id;first_name;last_name;middle_name;email;password;date_of_birth;user_reference;phone_number;address;gender;status
1;Johann;Flatley;Belarussian installation;Arvid78@yahoo.com;Brooks;2022-03-28;Dakota function;Distributed;Grocery productize Lock;FEMALE;INACTIVE
2;Judge;Beahan;back-end Small XSS;Breana.Herzog@hotmail.com;magenta See bypassing;2022-03-27;haptic;matrix multi-byte administration;Nepal;MALE;INACTIVE
3;Retha;Lemke;standardization Bolivia Chief;Jimmie.Armstrong1@yahoo.com;Avon streamline Account;2022-03-28;Hat Bolivia turn-key;yellow navigate;Roads Fresh;MALE;ACTIVE
4;Walker;Leannon;Practical Books deposit;Madisyn41@hotmail.com;Rico Reverse-engineered Associate;2022-03-28;communities Awesome Incredible;Loan Checking;Moroccan Gloves calculate;FEMALE;INACTIVE
5;Kirstin;McKenzie;invoice Birr Intranet;Dell30@hotmail.com;Checking Small reboot;2022-03-28;XSS systems set;experiences;Sports Books Virginia;MALE;ACTIVE
6;Torrance;Fisher;best-of-breed calculating;Nicolas_Moen74@gmail.com;Concrete Dobra;2022-03-27;Wooden Specialist;Granite Gibraltar functionalities;Georgia;FEMALE;ACTIVE
7;Maya;Cruickshank;calculate;Isadore_Gerhold@yahoo.com;primary paradigms transmitting;2022-03-28;maximize infomediaries policy;Up-sized Paradigm Malagasy;Infrastructure Creative;MALE;BLOCKED
8;Eliseo;Jacobs;protocol index;Mateo.Hessel@gmail.com;User-friendly Frozen;2022-03-27;Outdoors pixel;Legacy;array strategize;MALE;BLOCKED
9;Tia;McLaughlin;Convertible Concrete 1080p;Patsy9@yahoo.com;Pa'anga withdrawal;2022-03-28;Avon Account Specialist;Kids system Inlet;Optimized green;FEMALE;ACTIVE
10;Marcelle;Harris;Baby;Macy21@gmail.com;Accounts throughput Gloves;2022-03-27;support Forks robust;knowledge ADP;SQL Account Credit;MALE;ACTIVE
